<application>
  <component name="DesignSurface">
    <option name="filePathToZoomLevelMap">
      <map>
        <entry key="../../../../../../layout/custom_preview.xml" value="0.1" />
        <entry key="../../../../../layout/custom_preview.xml" value="0.1" />
        <entry key="../../../../layout/custom_preview.xml" value="0.1" />
        <entry key="../../Library/Android/sdk/platforms/android-30/data/res/layout/simple_list_item_1.xml" value="0.16621376811594202" />
        <entry key="app/src/main/res/drawable/batch_assignment_bg.xml" value="0.2222222222222222" />
        <entry key="app/src/main/res/drawable/batch_assignment_bg_right.xml" value="0.2222222222222222" />
        <entry key="app/src/main/res/drawable/batch_assignment_color_shape.xml" value="0.2222222222222222" />
        <entry key="app/src/main/res/drawable/bg_add_student.xml" value="0.2222222222222222" />
        <entry key="app/src/main/res/drawable/bg_add_student_btn.xml" value="0.2222222222222222" />
        <entry key="app/src/main/res/drawable/bg_add_student_manually_input.xml" value="0.2222222222222222" />
        <entry key="app/src/main/res/drawable/bg_add_student_radio.xml" value="0.2222222222222222" />
        <entry key="app/src/main/res/drawable/bg_add_student_text_color.xml" value="0.2222222222222222" />
        <entry key="app/src/main/res/drawable/bg_assignment_attachment.xml" value="0.2222222222222222" />
        <entry key="app/src/main/res/drawable/bg_attendance_list.xml" value="0.2222222222222222" />
        <entry key="app/src/main/res/drawable/bg_batch_live_class_bottom_gradient.xml" value="0.2222222222222222" />
        <entry key="app/src/main/res/drawable/bg_btn_course_goods_buy.xml" value="0.22135416666666666" />
        <entry key="app/src/main/res/drawable/bg_dialog_add_student_top_item.xml" value="0.20989583333333334" />
        <entry key="app/src/main/res/drawable/ic_drawer_purchase_history.xml" value="0.22870370370370371" />
        <entry key="app/src/main/res/drawable/ic_guide_consumption.xml" value="0.1675925925925926" />
        <entry key="app/src/main/res/drawable/ic_hint_permission_changed_restrict.xml" value="0.1675925925925926" />
        <entry key="app/src/main/res/drawable/ic_hint_refund_restrict.xml" value="0.17314814814814813" />
        <entry key="app/src/main/res/drawable/ic_hint_refund_restrict_educator.xml" value="0.275" />
        <entry key="app/src/main/res/drawable/ic_home_bottom_bar_chat.xml" value="0.17314814814814813" />
        <entry key="app/src/main/res/drawable/ic_purchase_history_blank.xml" value="0.1287037037037037" />
        <entry key="app/src/main/res/drawable/ic_union.xml" value="0.2222222222222222" />
        <entry key="app/src/main/res/drawable/ic_view_all_arrow.xml" value="0.2222222222222222" />
        <entry key="app/src/main/res/drawable/learner_selector.xml" value="0.2222222222222222" />
        <entry key="app/src/main/res/layout-ko/layout_explore_item_batch_charge.xml" value="0.20878623188405798" />
        <entry key="app/src/main/res/layout-ko/layout_explore_item_course_charge.xml" value="0.1453125" />
        <entry key="app/src/main/res/layout-ko/layout_explore_item_mock_test_charge.xml" value="0.20878623188405798" />
        <entry key="app/src/main/res/layout-ko/layout_explore_item_package.xml" value="0.175" />
        <entry key="app/src/main/res/layout-ko/layout_fragment_courselist_with_filter.xml" value="0.13125" />
        <entry key="app/src/main/res/layout-ko/layout_item_goods_course_itemview.xml" value="0.15896739130434784" />
        <entry key="app/src/main/res/layout-ko/layout_korea_batch_goods_item.xml" value="0.16822916666666668" />
        <entry key="app/src/main/res/layout-ko/layout_korea_course_goods_item.xml" value="0.16822916666666668" />
        <entry key="app/src/main/res/layout-ko/layout_korea_mock_test_goods_item.xml" value="0.16822916666666668" />
        <entry key="app/src/main/res/layout-ko/layout_korea_package_goods_item.xml" value="0.45" />
        <entry key="app/src/main/res/layout/activity_five.xml" value="0.24635416666666668" />
        <entry key="app/src/main/res/layout/activity_four.xml" value="0.24635416666666668" />
        <entry key="app/src/main/res/layout/activity_main.xml" value="0.21041666666666667" />
        <entry key="app/src/main/res/layout/activity_second.xml" value="0.24635416666666668" />
        <entry key="app/src/main/res/layout/activity_third.xml" value="0.24635416666666668" />
        <entry key="app/src/main/res/layout/catalogue_layout.xml" value="0.13903985507246377" />
        <entry key="app/src/main/res/layout/content_chapter.xml" value="0.11041666666666666" />
        <entry key="app/src/main/res/layout/dialog_select_filter_tag.xml" value="0.1068840579710145" />
        <entry key="app/src/main/res/layout/dialog_select_price.xml" value="0.25271739130434784" />
        <entry key="app/src/main/res/layout/fragment_attendance_manage.xml" value="0.1" />
        <entry key="app/src/main/res/layout/fragment_base_live_category.xml" value="0.16927083333333334" />
        <entry key="app/src/main/res/layout/fragment_course_goods_detail.xml" value="0.3165204678362573" />
        <entry key="app/src/main/res/layout/fragment_course_goods_detail_2.xml" value="0.20625" />
        <entry key="app/src/main/res/layout/fragment_course_pdf.xml" value="0.1" />
        <entry key="app/src/main/res/layout/fragment_course_txt.xml" value="0.14583333333333334" />
        <entry key="app/src/main/res/layout/fragment_create_new_market_message.xml" value="0.32373271889400923" />
        <entry key="app/src/main/res/layout/fragment_download_course_manager_layout.xml" value="0.2598958333333333" />
        <entry key="app/src/main/res/layout/fragment_download_detail_layout.xml" value="0.14447463768115942" />
        <entry key="app/src/main/res/layout/fragment_educator_course_list.xml" value="0.1287037037037037" />
        <entry key="app/src/main/res/layout/fragment_envsetting.xml" value="0.17255434782608695" />
        <entry key="app/src/main/res/layout/fragment_explore.xml" value="0.12715298885511653" />
        <entry key="app/src/main/res/layout/fragment_first.xml" value="0.22010869565217392" />
        <entry key="app/src/main/res/layout/fragment_four.xml" value="0.22010869565217392" />
        <entry key="app/src/main/res/layout/fragment_home_main_course_entry.xml" value="0.25" />
        <entry key="app/src/main/res/layout/fragment_home_select_course_entry.xml" value="0.15896739130434784" />
        <entry key="app/src/main/res/layout/fragment_korea_batch_goods_list_layout.xml" value="0.16822916666666668" />
        <entry key="app/src/main/res/layout/fragment_korea_select_course_base.xml" value="0.15896739130434784" />
        <entry key="app/src/main/res/layout/fragment_login.xml" value="0.2558876811594203" />
        <entry key="app/src/main/res/layout/fragment_main.xml" value="0.1796875" />
        <entry key="app/src/main/res/layout/fragment_manage_student_pager.xml" value="0.1" />
        <entry key="app/src/main/res/layout/fragment_manage_students_list.xml" value="0.18333333333333332" />
        <entry key="app/src/main/res/layout/fragment_monitor_details_page.xml" value="0.1" />
        <entry key="app/src/main/res/layout/fragment_scrolling.xml" value="0.22010869565217392" />
        <entry key="app/src/main/res/layout/fragment_second.xml" value="0.22010869565217392" />
        <entry key="app/src/main/res/layout/fragment_third.xml" value="0.22010869565217392" />
        <entry key="app/src/main/res/layout/fragment_timetable_layout.xml" value="0.1" />
        <entry key="app/src/main/res/layout/item_attendance_info.xml" value="0.16666666666666666" />
        <entry key="app/src/main/res/layout/item_batch_goods_detail.xml" value="0.2598958333333333" />
        <entry key="app/src/main/res/layout/item_course_goods_content.xml" value="0.1" />
        <entry key="app/src/main/res/layout/item_course_goods_content_container.xml" value="0.21920289855072464" />
        <entry key="app/src/main/res/layout/item_course_goods_content_course.xml" value="0.2125" />
        <entry key="app/src/main/res/layout/item_course_goods_content_course_chapter.xml" value="0.276268115942029" />
        <entry key="app/src/main/res/layout/item_course_goods_content_course_title.xml" value="0.15833333333333333" />
        <entry key="app/src/main/res/layout/item_course_goods_content_package.xml" value="0.2125" />
        <entry key="app/src/main/res/layout/item_course_goods_content_package_item.xml" value="0.16210739614994935" />
        <entry key="app/src/main/res/layout/item_course_goods_detail_chapter.xml" value="0.25" />
        <entry key="app/src/main/res/layout/item_course_goods_detail_content.xml" value="0.20108695652173914" />
        <entry key="app/src/main/res/layout/item_course_goods_detail_divider_title.xml" value="0.276268115942029" />
        <entry key="app/src/main/res/layout/item_course_goods_detail_instructor.xml" value="0.19972826086956522" />
        <entry key="app/src/main/res/layout/item_course_goods_loading_or_error.xml" value="0.2318840579710145" />
        <entry key="app/src/main/res/layout/item_course_goods_overview.xml" value="0.20652173913043478" />
        <entry key="app/src/main/res/layout/item_course_goods_overview_bak.xml" value="0.18566362715298884" />
        <entry key="app/src/main/res/layout/item_course_goods_package_content.xml" value="0.2418478260869565" />
        <entry key="app/src/main/res/layout/item_course_goods_topview.xml" value="0.15833333333333333" />
        <entry key="app/src/main/res/layout/item_live_class_list_info_layout.xml" value="0.375" />
        <entry key="app/src/main/res/layout/item_manage_student_filter.xml" value="0.15677083333333333" />
        <entry key="app/src/main/res/layout/item_manage_student_filter_tag_in_list.xml" value="0.1068840579710145" />
        <entry key="app/src/main/res/layout/layout_add_student_btn.xml" value="0.14635416666666667" />
        <entry key="app/src/main/res/layout/layout_attendance_table.xml" value="0.335" />
        <entry key="app/src/main/res/layout/layout_batch_goods_detail_tmd_base.xml" value="0.2598958333333333" />
        <entry key="app/src/main/res/layout/layout_batch_goods_detail_type1_item.xml" value="0.2418478260869565" />
        <entry key="app/src/main/res/layout/layout_batch_goods_detail_type2_item.xml" value="0.2418478260869565" />
        <entry key="app/src/main/res/layout/layout_batch_goods_detail_type3_item.xml" value="0.2418478260869565" />
        <entry key="app/src/main/res/layout/layout_batch_goods_detail_type4_item.xml" value="0.2418478260869565" />
        <entry key="app/src/main/res/layout/layout_batch_goods_detail_type5_item.xml" value="0.2418478260869565" />
        <entry key="app/src/main/res/layout/layout_batch_goods_detail_type7_item.xml" value="0.2418478260869565" />
        <entry key="app/src/main/res/layout/layout_batch_goods_detail_type8_item.xml" value="0.2418478260869565" />
        <entry key="app/src/main/res/layout/layout_chapter_header.xml" value="0.10733695652173914" />
        <entry key="app/src/main/res/layout/layout_chapter_live_class_list.xml" value="0.10733695652173914" />
        <entry key="app/src/main/res/layout/layout_explore_contact.xml" value="0.1" />
        <entry key="app/src/main/res/layout/layout_explore_group_course_test_package.xml" value="0.45" />
        <entry key="app/src/main/res/layout/layout_explore_group_korea_select_course.xml" value="0.1" />
        <entry key="app/src/main/res/layout/layout_explore_item_batch_charge.xml" value="0.20878623188405798" />
        <entry key="app/src/main/res/layout/layout_explore_item_course_charge.xml" value="0.20878623188405798" />
        <entry key="app/src/main/res/layout/layout_explore_item_course_free.xml" value="0.15896739130434784" />
        <entry key="app/src/main/res/layout/layout_explore_item_mock_test_charge.xml" value="0.26145833333333335" />
        <entry key="app/src/main/res/layout/layout_explore_item_package.xml" value="0.175" />
        <entry key="app/src/main/res/layout/layout_fragment_batch_goods_detail.xml" value="0.12639311043566362" />
        <entry key="app/src/main/res/layout/layout_fragment_chapter_list.xml" value="0.23703703703703705" />
        <entry key="app/src/main/res/layout/layout_fragment_course_chapter_detail.xml" value="0.12487335359675786" />
        <entry key="app/src/main/res/layout/layout_fragment_course_detail.xml" value="0.1358695652173913" />
        <entry key="app/src/main/res/layout/layout_fragment_video.xml" value="0.18161094224924013" />
        <entry key="app/src/main/res/layout/layout_item_goods_course_itemview.xml" value="0.5" />
        <entry key="app/src/main/res/layout/layout_korea_batch_goods_item.xml" value="0.375" />
        <entry key="app/src/main/res/layout/layout_korea_course_free_item.xml" value="0.16822916666666668" />
        <entry key="app/src/main/res/layout/layout_korea_course_goods_item.xml" value="0.45" />
        <entry key="app/src/main/res/layout/layout_korea_mock_test_free_item.xml" value="0.45" />
        <entry key="app/src/main/res/layout/layout_korea_mock_test_goods_item.xml" value="0.375" />
        <entry key="app/src/main/res/layout/layout_korea_package_goods_item.xml" value="0.45" />
        <entry key="app/src/main/res/layout/layout_message_item.xml" value="0.21822916666666667" />
        <entry key="app/src/main/res/layout/layout_timetable_view.xml" value="0.18" />
        <entry key="app/src/main/res/layout/message_manager_list_layout.xml" value="0.13722826086956522" />
        <entry key="app/src/main/res/layout/publish_message_list_layout.xml" value="0.25677083333333334" />
        <entry key="app/src/main/res/layout/send_message_detail_layout.xml" value="0.25" />
        <entry key="app_tablayout_usecase/src/main/res/layout/activity_main.xml" value="0.15729166666666666" />
        <entry key="app_tablayout_usecase/src/main/res/layout/activity_menu.xml" value="0.15729166666666666" />
        <entry key="app_tablayout_usecase/src/main/res/layout/activity_usecase.xml" value="0.15729166666666666" />
        <entry key="app_tablayout_usecase/src/main/res/layout/fragment_tab.xml" value="0.15729166666666666" />
        <entry key="app_tablayout_usecase/src/main/res/layout/item.xml" value="0.15729166666666666" />
        <entry key="app_tablayout_usecase/src/main/res/layout/tab_text_icon.xml" value="0.15729166666666666" />
        <entry key="biz-reading/src/main/res/layout/activity_main.xml" value="0.1" />
        <entry key="biz-reading2/src/main/res/layout/activity_reading.xml" value="0.3125" />
        <entry key="biz-reading2/src/main/res/layout/fragment_reading.xml" value="0.175" />
        <entry key="common/calendar/src/main/res/layout/cv_layout_calendar_view.xml" value="0.1" />
        <entry key="common/calendar/src/main/res/layout/layout_bottom_arrow_view.xml" value="0.25104166666666666" />
        <entry key="common/framework/src/main/res/drawable/ic_base_load_loading.xml" value="0.2074074074074074" />
        <entry key="common/framework/src/main/res/layout/layout_common_dialog.xml" value="0.12639311043566362" />
        <entry key="common/livetest/src/main/res/drawable/ic_hint_refund_restrict.xml" value="0.1287037037037037" />
        <entry key="common/livetest/src/main/res/layout/live_test_des_vs_layout.xml" value="0.5" />
        <entry key="common/livetest/src/main/res/layout/livetest_des_fragment_layout.xml" value="0.17604166666666668" />
        <entry key="common/livetest/src/main/res/layout/quiz_des_vs_layout.xml" value="0.17604166666666668" />
        <entry key="common/livetest/src/main/res/layout/quiz_fragment_layout.xml" value="0.12639311043566362" />
        <entry key="common/login/src/main/res/drawable/check_box_selector.xml" value="0.16458333333333333" />
        <entry key="common/login/src/main/res/drawable/ic_check_box_normal.xml" value="0.14635416666666667" />
        <entry key="common/login/src/main/res/layout/email_sign_up_layout.xml" value="0.182518115942029" />
        <entry key="common/login/src/main/res/layout/fragment_country_code.xml" value="0.335" />
        <entry key="common/login/src/main/res/layout/fragment_login_institution_input.xml" value="0.20199275362318841" />
        <entry key="common/login/src/main/res/layout/fragment_login_institution_input_add_new_account.xml" value="0.35052083333333334" />
        <entry key="common/login/src/main/res/layout/kr_bind_fragment.xml" value="0.25625" />
        <entry key="common/login/src/main/res/layout/kr_email_sign_up_layout.xml" value="0.182518115942029" />
        <entry key="common/login/src/main/res/layout/kr_login_fragment.xml" value="0.335" />
        <entry key="common/login/src/main/res/layout/kr_phone_sign_layout.xml" value="0.182518115942029" />
        <entry key="common/login/src/main/res/layout/phone_sign_up_layout.xml" value="0.182518115942029" />
        <entry key="common/login/src/main/res/layout/receive_message_layout.xml" value="0.25625" />
        <entry key="common/login/src/main/res/layout/sign_set_fragment_layout.xml" value="0.1" />
        <entry key="common/login/src/main/res/layout/user_v2_email_sign_layout.xml" value="0.182518115942029" />
        <entry key="common/login/src/main/res/layout/user_v2_phone_sign_layout.xml" value="0.18795289855072464" />
        <entry key="common/scene/src/main/res/layout/dialog_fragment_unicast.xml" value="0.15806159420289856" />
        <entry key="common/web/src/main/res/layout/layout_web_status.xml" value="0.25677083333333334" />
        <entry key="common/webjs/src/main/res/drawable/ic_hint_refund_restrict.xml" value="0.15555555555555556" />
        <entry key="common/webjs/src/main/res/layout/layout_fragment_refund_view.xml" value="0.14479166666666668" />
        <entry key="common/webjs/src/main/res/layout/layout_fragment_web.xml" value="0.12639311043566362" />
        <entry key="common/webjs/src/main/res/layout/layout_fragment_web_tab.xml" value="0.12639311043566362" />
        <entry key="confictJD/src/main/res/layout/activity_confict.xml" value="0.1" />
        <entry key="confictJD/src/main/res/layout/activity_inner_intercept.xml" value="0.1" />
        <entry key="confictJD/src/main/res/layout/activity_main_home.xml" value="0.1" />
        <entry key="confictJD/src/main/res/layout/activity_nested_view_pager.xml" value="0.20697463768115942" />
        <entry key="confictJD/src/main/res/layout/activity_nestedscroll_scrollview_recyclerview.xml" value="0.1" />
        <entry key="confictJD/src/main/res/layout/title_view.xml" value="0.1" />
        <entry key="customviewdir/conflictjd/src/main/res/layout/activity_main.xml" value="0.1" />
        <entry key="customviewdir/listviewdemo/src/main/res/layout/activity_main.xml" value="0.12310030395136778" />
        <entry key="customviewdir/listviewdemo/src/main/res/layout/items.xml" value="0.12310030395136778" />
        <entry key="customviewdir/touchevent/src/main/res/layout/activity_main2.xml" value="0.28125" />
        <entry key="customviewdir/touchevent/src/main/res/layout/ll_view.xml" value="0.28125" />
        <entry key="edittextselection/src/main/res/layout/activity_fragment.xml" value="0.14270833333333333" />
        <entry key="edittextselection/src/main/res/layout/activity_main.xml" value="0.10597826086956522" />
        <entry key="gradledemo/gradledownload/src/main/res/layout/activity_main.xml" value="0.20677083333333332" />
        <entry key="gradledemo/routerdemo/src/main/res/layout/activity_main.xml" value="0.1" />
        <entry key="gradletest/src/main/res/layout/activity_main.xml" value="0.1" />
        <entry key="jetpackapp2/src/main/res/layout/activity_databind.xml" value="0.12129629629629629" />
        <entry key="jetpackapp2/src/main/res/layout/activity_main.xml" value="0.12451790633608815" />
        <entry key="jetpackapp2/src/main/res/layout/activity_view_helper.xml" value="0.13020833333333334" />
        <entry key="jetpackapp2/src/main/res/layout/main_fragment.xml" value="0.1" />
        <entry key="jetpackdir/databinding/src/main/res/layout/activity_main.xml" value="0.1" />
        <entry key="jetpackdir/jetpackapp2/src/main/res/layout/activity_main.xml" value="0.1359375" />
        <entry key="jetpackdir/jetpackapp2/src/main/res/layout/activity_view_helper.xml" value="0.1359375" />
        <entry key="jetpackdir/jetpackapp2/src/main/res/layout/fragment_activity2_activity.xml" value="0.1359375" />
        <entry key="jetpackdir/jetpackapp2/src/main/res/layout/main_fragment.xml" value="0.1" />
        <entry key="jetpackdir/navigationdemo/src/main/res/layout/activity_main.xml" value="0.19610507246376813" />
        <entry key="jetpackdir/navigationdemo/src/main/res/layout/deeplink_fragment.xml" value="0.19610507246376813" />
        <entry key="jetpackdir/navigationdemo/src/main/res/layout/flowstep_fragment.xml" value="0.19610507246376813" />
        <entry key="jetpackdir/navigationdemo/src/main/res/layout/home_fragment.xml" value="0.2598958333333333" />
        <entry key="jetpackdir/navigationdemo/src/main/res/layout/settings_fragment.xml" value="0.19610507246376813" />
        <entry key="lauchmode/src/main/res/layout/activity_main.xml" value="0.1" />
        <entry key="leakcanary22/src/main/res/layout/activity_main.xml" value="0.1" />
        <entry key="leakcanary22/src/main/res/layout/activity_main2.xml" value="0.1" />
        <entry key="multilanguage/src/main/res/layout/activity_conflict.xml" value="0.10326086956521739" />
        <entry key="multilanguage/src/main/res/layout/activity_conflict2.xml" value="0.16983695652173914" />
        <entry key="multilanguage/src/main/res/layout/activity_conflict3.xml" value="0.16875" />
        <entry key="multilanguage/src/main/res/layout/activity_conflict4.xml" value="0.14221014492753623" />
        <entry key="multilanguage/src/main/res/layout/activity_conflict5.xml" value="0.18385416666666668" />
        <entry key="multilanguage/src/main/res/layout/activity_expand.xml" value="0.196875" />
        <entry key="multilanguage/src/main/res/layout/activity_main.xml" value="0.20969202898550723" />
        <entry key="multilanguage/src/main/res/layout/activity_nested_scroll.xml" value="0.1490036231884058" />
        <entry key="multilanguage/src/main/res/layout/activity_second.xml" value="0.20969202898550723" />
        <entry key="multilanguage/src/main/res/layout/activity_third.xml" value="0.153125" />
        <entry key="multilanguage/src/main/res/layout/activity_web_view.xml" value="0.13385416666666666" />
        <entry key="multilanguage/src/main/res/layout/activity_webp.xml" value="0.12639311043566362" />
        <entry key="multilanguage/src/main/res/layout/fragment_recyclerview.xml" value="0.22418478260869565" />
        <entry key="multilanguage/src/main/res/layout/fragment_web_view.xml" value="0.12360688956433637" />
        <entry key="multilanguage/src/main/res/layout/fragment_web_view2.xml" value="0.14114583333333333" />
        <entry key="multilanguage/src/main/res/layout/fragment_web_view_2.xml" value="0.18115942028985507" />
        <entry key="multilanguage/src/main/res/layout/view_recyclerview.xml" value="0.15625" />
        <entry key="multilanguage/src/main/res/layout/view_webview.xml" value="0.15625" />
        <entry key="nomral/src/main/res/layout/activity_main.xml" value="0.146875" />
        <entry key="routerdemo/src/main/res/drawable-v24/ic_launcher_foreground.xml" value="0.23981481481481481" />
        <entry key="routerdemo/src/main/res/layout/activity_main.xml" value="0.1" />
        <entry key="routerdemo/src/main/res/layout/activity_main2.xml" value="0.1" />
        <entry key="routerdemo/src/main/res/layout/activity_main3.xml" value="0.1" />
        <entry key="sample/src/main/res/layout/activity_auto_hiden_toolbar.xml" value="0.17844202898550723" />
        <entry key="whale/src/main/res/layout/activity_main.xml" value="0.1" />
        <entry key="whale/src/main/res/layout/activity_second.xml" value="0.1" />
      </map>
    </option>
  </component>
</application>